frame_order,frame_idx,image,filename,set_start_node,set_end_node,gt_current_node,pred_current_node,pred_next_node,top1_correct,top3_hit,top5_hit,gt_rank,mrr,graph_error_to_gt,gt_next_candidates,next_step_correct,distance_pred_to_goal,distance_gt_to_goal,confidence,ocr_numbers,ocr_raw_texts,candidate_nodes,initial_clip_pool_size,final_pool_size,fusion_candidates
1,1,benchmarks\route_test\4150_414_4150_001.jpg,4150_414_4150_001.jpg,4150,414,4150,4150,4106,1,1,1,1,1.0,0,[4106],1,3,3,0.58158,,[],"[4150, 4103, 422, 4140, 421]",10,10,"[{""rank"": 1, ""node_id"": 4150, ""node_type"": ""ELEVATOR"", ""description"": ""4층 중앙 엘리베이터"", ""anchor_room"": null, ""room_range"": null, ""clip_score"": 0.10011, ""ocr_score"": 0.0, ""geo_score"": 0.845327, ""prior_score"": 0.0, ""combined_score"": 0.438241}, {""rank"": 2, ""node_id"": 4103, ""node_type"": ""CORRIDOR"", ""description"": ""4층 412~425 앞 복도(우측 세로 복도)"", ""anchor_room"": null, ""room_range"": ""412-425"", ""clip_score"": 0.085917, ""ocr_score"": 0.0, ""geo_score"": 0.822875, ""prior_score"": 0.0, ""combined_score"": 0.415068}, {""rank"": 3, ""node_id"": 422, ""node_type"": ""ROOM"", ""description"": ""422호 강의실"", ""anchor_room"": null, ""room_range"": null, ""clip_score"": 0.08647, ""ocr_score"": 0.0, ""geo_score"": 0.498276, ""prior_score"": 0.0, ""combined_score"": 0.285781}, {""rank"": 4, ""node_id"": 4140, ""node_type"": ""ELEVATOR"", ""description"": ""4층 상단 엘리베이터"", ""anchor_room"": null, ""room_range"": null, ""clip_score"": 0.09238, ""ocr_score"": 0.0, ""geo_score"": 0.441805, ""prior_score"": 0.0, ""combined_score"": 0.269102}, {""rank"": 5, ""node_id"": 421, ""node_type"": ""ROOM"", ""description"": ""421호 강의실"", ""anchor_room"": null, ""room_range"": null, ""clip_score"": 0.089397, ""ocr_score"": 0.0, ""geo_score"": 0.283414, ""prior_score"": 0.0, ""combined_score"": 0.202762}, {""rank"": 6, ""node_id"": 419, ""node_type"": ""ROOM"", ""description"": ""419호 강의실"", ""anchor_room"": null, ""room_range"": null, ""clip_score"": 0.084488, ""ocr_score"": 0.0, ""geo_score"": 0.267692, ""prior_score"": 0.0, ""combined_score"": 0.191565}, {""rank"": 7, ""node_id"": 423, ""node_type"": ""ROOM"", ""description"": ""423호 강의실"", ""anchor_room"": null, ""room_range"": null, ""clip_score"": 0.0787, ""ocr_score"": 0.0, ""geo_score"": 0.27619, ""prior_score"": 0.0, ""combined_score"": 0.189176}, {""rank"": 8, ""node_id"": 424, ""node_type"": ""ROOM"", ""description"": ""424호 강의실"", ""anchor_room"": null, ""room_range"": null, ""clip_score"": 0.082715, ""ocr_score"": 0.0, ""geo_score"": 0.220497, ""prior_score"": 0.0, ""combined_score"": 0.170913}, {""rank"": 9, ""node_id"": 4111, ""node_type"": ""STAIRS"", ""description"": ""4층 우측 중단 계단(415와 416 사이)"", ""anchor_room"": null, ""room_range"": null, ""clip_score"": 0.083649, ""ocr_score"": 0.0, ""geo_score"": 0.122137, ""prior_score"": 0.0, ""combined_score"": 0.132503}, {""rank"": 10, ""node_id"": 4180, ""node_type"": ""ROOM"", ""description"": ""KE SW 아카데미 행정실"", ""anchor_room"": null, ""room_range"": null, ""clip_score"": 0.079367, ""ocr_score"": 0.0, ""geo_score"": 0.073218, ""prior_score"": 0.0, ""combined_score"": 0.108654}]"
2,2,benchmarks\route_test\4150_414_4150_002.jpg,4150_414_4150_002.jpg,4150,414,4150,4102,4106,0,0,0,,0.0,2,[4106],1,3,3,0.999969,434,[],"[4102, 4140, 419, 421, 422]",10,10,"[{""rank"": 1, ""node_id"": 4102, ""node_type"": ""CORRIDOR"", ""description"": ""4층 426~435, 401~406 앞 복도(좌측 세로 복도)"", ""anchor_room"": null, ""room_range"": ""401-406;426-435"", ""clip_score"": 0.106797, ""ocr_score"": 0.8, ""geo_score"": 0.081871, ""prior_score"": 0.246597, ""combined_score"": 0.828865}, {""rank"": 2, ""node_id"": 4140, ""node_type"": ""ELEVATOR"", ""description"": ""4층 상단 엘리베이터"", ""anchor_room"": null, ""room_range"": null, ""clip_score"": 0.107065, ""ocr_score"": 0.0, ""geo_score"": 0.372881, ""prior_score"": 0.030197, ""combined_score"": 0.262257}, {""rank"": 3, ""node_id"": 419, ""node_type"": ""ROOM"", ""description"": ""419호 강의실"", ""anchor_room"": null, ""room_range"": null, ""clip_score"": 0.111203, ""ocr_score"": 0.0, ""geo_score"": 0.279514, ""prior_score"": 0.122456, ""combined_score"": 0.2475}, {""rank"": 4, ""node_id"": 421, ""node_type"": ""ROOM"", ""description"": ""421호 강의실"", ""anchor_room"": null, ""room_range"": null, ""clip_score"": 0.11524, ""ocr_score"": 0.0, ""geo_score"": 0.193237, ""prior_score"": 0.122456, ""combined_score"": 0.217026}, {""rank"": 5, ""node_id"": 422, ""node_type"": ""ROOM"", ""description"": ""422호 강의실"", ""anchor_room"": null, ""room_range"": null, ""clip_score"": 0.109866, ""ocr_score"": 0.0, ""geo_score"": 0.204753, ""prior_score"": 0.122456, ""combined_score"": 0.216259}, {""rank"": 6, ""node_id"": 4103, ""node_type"": ""CORRIDOR"", ""description"": ""4층 412~425 앞 복도(우측 세로 복도)"", ""anchor_room"": null, ""room_range"": ""412-425"", ""clip_score"": 0.113634, ""ocr_score"": 0.0, ""geo_score"": 0.105263, ""prior_score"": 0.246597, ""combined_score"": 0.205059}, {""rank"": 7, ""node_id"": 4111, ""node_type"": ""STAIRS"", ""description"": ""4층 우측 중단 계단(415와 416 사이)"", ""anchor_room"": null, ""room_range"": null, ""clip_score"": 0.111719, ""ocr_score"": 0.0, ""geo_score"": 0.097561, ""prior_score"": 0.122456, ""combined_score"": 0.175234}, {""rank"": 8, ""node_id"": 424, ""node_type"": ""ROOM"", ""description"": ""424호 강의실"", ""anchor_room"": null, ""room_range"": null, ""clip_score"": 0.107605, ""ocr_score"": 0.0, ""geo_score"": 0.094891, ""prior_score"": 0.122456, ""combined_score"": 0.170053}, {""rank"": 9, ""node_id"": 430, ""node_type"": ""ROOM"", ""description"": ""430호 강의실"", ""anchor_room"": null, ""room_range"": null, ""clip_score"": 0.102377, ""ocr_score"": 0.0, ""geo_score"": 0.095238, ""prior_score"": 0.122456, ""combined_score"": 0.164964}, {""rank"": 10, ""node_id"": 423, ""node_type"": ""ROOM"", ""description"": ""423호 강의실"", ""anchor_room"": null, ""room_range"": null, ""clip_score"": 0.103518, ""ocr_score"": 0.0, ""geo_score"": 0.072115, ""prior_score"": 0.122456, ""combined_score"": 0.156855}]"
3,3,benchmarks\route_test\4150_414_4150_003.jpg,4150_414_4150_003.jpg,4150,414,4150,4103,414,0,0,0,,0.0,2,[4106],0,1,3,0.78113,,[],"[4103, 430, 420, 4140, 422]",10,10,"[{""rank"": 1, ""node_id"": 4103, ""node_type"": ""CORRIDOR"", ""description"": ""4층 412~425 앞 복도(우측 세로 복도)"", ""anchor_room"": null, ""room_range"": ""412-425"", ""clip_score"": 0.095017, ""ocr_score"": 0.0, ""geo_score"": 0.612299, ""prior_score"": 0.246597, ""combined_score"": 0.389256}, {""rank"": 2, ""node_id"": 430, ""node_type"": ""ROOM"", ""description"": ""430호 강의실"", ""anchor_room"": null, ""room_range"": null, ""clip_score"": 0.095206, ""ocr_score"": 0.0, ""geo_score"": 0.231132, ""prior_score"": 0.496585, ""combined_score"": 0.286976}, {""rank"": 3, ""node_id"": 420, ""node_type"": ""ROOM"", ""description"": ""420호 강의실"", ""anchor_room"": null, ""room_range"": null, ""clip_score"": 0.094226, ""ocr_score"": 0.0, ""geo_score"": 0.32636, ""prior_score"": 0.122456, ""combined_score"": 0.249261}, {""rank"": 4, ""node_id"": 4140, ""node_type"": ""ELEVATOR"", ""description"": ""4층 상단 엘리베이터"", ""anchor_room"": null, ""room_range"": null, ""clip_score"": 0.093251, ""ocr_score"": 0.0, ""geo_score"": 0.291667, ""prior_score"": 0.122456, ""combined_score"": 0.234409}, {""rank"": 5, ""node_id"": 422, ""node_type"": ""ROOM"", ""description"": ""422호 강의실"", ""anchor_room"": null, ""room_range"": null, ""clip_score"": 0.100201, ""ocr_score"": 0.0, ""geo_score"": 0.273469, ""prior_score"": 0.122456, ""combined_score"": 0.23408}, {""rank"": 6, ""node_id"": 428, ""node_type"": ""ROOM"", ""description"": ""428호 강의실"", ""anchor_room"": null, ""room_range"": null, ""clip_score"": 0.092698, ""ocr_score"": 0.0, ""geo_score"": 0.084211, ""prior_score"": 0.496585, ""combined_score"": 0.225699}, {""rank"": 7, ""node_id"": 421, ""node_type"": ""ROOM"", ""description"": ""421호 강의실"", ""anchor_room"": null, ""room_range"": null, ""clip_score"": 0.10487, ""ocr_score"": 0.0, ""geo_score"": 0.233962, ""prior_score"": 0.122456, ""combined_score"": 0.222946}, {""rank"": 8, ""node_id"": 4111, ""node_type"": ""STAIRS"", ""description"": ""4층 우측 중단 계단(415와 416 사이)"", ""anchor_room"": null, ""room_range"": null, ""clip_score"": 0.098747, ""ocr_score"": 0.0, ""geo_score"": 0.218009, ""prior_score"": 0.122456, ""combined_score"": 0.210442}, {""rank"": 9, ""node_id"": 419, ""node_type"": ""ROOM"", ""description"": ""419호 강의실"", ""anchor_room"": null, ""room_range"": null, ""clip_score"": 0.102483, ""ocr_score"": 0.0, ""geo_score"": 0.191011, ""prior_score"": 0.122456, ""combined_score"": 0.203379}, {""rank"": 10, ""node_id"": 424, ""node_type"": ""ROOM"", ""description"": ""424호 강의실"", ""anchor_room"": null, ""room_range"": null, ""clip_score"": 0.096532, ""ocr_score"": 0.0, ""geo_score"": 0.144737, ""prior_score"": 0.122456, ""combined_score"": 0.178918}]"
4,4,benchmarks\route_test\4150_414_4150_004.jpg,4150_414_4150_004.jpg,4150,414,4150,4107,4103,0,0,0,,0.0,3,[4106],0,2,3,0.288181,"433,5335,477,5330",[],"[4107, 424, 421, 422, 419]",10,10,"[{""rank"": 1, ""node_id"": 4107, ""node_type"": ""PASSAGE"", ""description"": ""4층 하단 엘리베이터 앞 통로(아라테크네 방향)"", ""anchor_room"": null, ""room_range"": null, ""clip_score"": 0.084161, ""ocr_score"": 0.0, ""geo_score"": 0.181818, ""prior_score"": 0.496585, ""combined_score"": 0.256206}, {""rank"": 2, ""node_id"": 424, ""node_type"": ""ROOM"", ""description"": ""424호 강의실"", ""anchor_room"": null, ""room_range"": null, ""clip_score"": 0.086934, ""ocr_score"": 0.0, ""geo_score"": 0.164835, ""prior_score"": 0.496585, ""combined_score"": 0.252185}, {""rank"": 3, ""node_id"": 421, ""node_type"": ""ROOM"", ""description"": ""421호 강의실"", ""anchor_room"": null, ""room_range"": null, ""clip_score"": 0.099091, ""ocr_score"": 0.0, ""geo_score"": 0.071823, ""prior_score"": 0.496585, ""combined_score"": 0.227138}, {""rank"": 4, ""node_id"": 422, ""node_type"": ""ROOM"", ""description"": ""422호 강의실"", ""anchor_room"": null, ""room_range"": null, ""clip_score"": 0.088008, ""ocr_score"": 0.0, ""geo_score"": 0.086957, ""prior_score"": 0.496585, ""combined_score"": 0.222108}, {""rank"": 5, ""node_id"": 419, ""node_type"": ""ROOM"", ""description"": ""419호 강의실"", ""anchor_room"": null, ""room_range"": null, ""clip_score"": 0.092416, ""ocr_score"": 0.0, ""geo_score"": 0.070093, ""prior_score"": 0.496585, ""combined_score"": 0.219771}, {""rank"": 6, ""node_id"": 4111, ""node_type"": ""STAIRS"", ""description"": ""4층 우측 중단 계단(415와 416 사이)"", ""anchor_room"": null, ""room_range"": null, ""clip_score"": 0.08822, ""ocr_score"": 0.0, ""geo_score"": 0.076389, ""prior_score"": 0.496585, ""combined_score"": 0.218092}, {""rank"": 7, ""node_id"": 420, ""node_type"": ""ROOM"", ""description"": ""420호 강의실"", ""anchor_room"": null, ""room_range"": null, ""clip_score"": 0.086935, ""ocr_score"": 0.0, ""geo_score"": 0.051724, ""prior_score"": 0.496585, ""combined_score"": 0.206941}, {""rank"": 8, ""node_id"": 4170, ""node_type"": ""STUDY"", ""description"": ""아라테크네 학습공간 입구"", ""anchor_room"": null, ""room_range"": null, ""clip_score"": 0.089742, ""ocr_score"": 0.0, ""geo_score"": 0.066667, ""prior_score"": 0.246597, ""combined_score"": 0.165728}, {""rank"": 9, ""node_id"": 428, ""node_type"": ""ROOM"", ""description"": ""428호 강의실"", ""anchor_room"": null, ""room_range"": null, ""clip_score"": 0.083837, ""ocr_score"": 0.0, ""geo_score"": 0.102564, ""prior_score"": 0.122456, ""combined_score"": 0.149354}, {""rank"": 10, ""node_id"": 430, ""node_type"": ""ROOM"", ""description"": ""430호 강의실"", ""anchor_room"": null, ""room_range"": null, ""clip_score"": 0.082471, ""ocr_score"": 0.0, ""geo_score"": 0.061111, ""prior_score"": 0.122456, ""combined_score"": 0.131406}]"
5,5,benchmarks\route_test\4150_414_418_005.jpg,4150_414_418_005.jpg,4150,414,418,4103,414,0,0,0,,0.0,1,[4103],0,1,2,0.999995,418,[],"[4103, 4102, 422, 421, 430]",10,10,"[{""rank"": 1, ""node_id"": 4103, ""node_type"": ""CORRIDOR"", ""description"": ""4층 412~425 앞 복도(우측 세로 복도)"", ""anchor_room"": null, ""room_range"": ""412-425"", ""clip_score"": 0.035135, ""ocr_score"": 0.8, ""geo_score"": 0.102564, ""prior_score"": 0.496585, ""combined_score"": 0.815478}, {""rank"": 2, ""node_id"": 4102, ""node_type"": ""CORRIDOR"", ""description"": ""4층 426~435, 401~406 앞 복도(좌측 세로 복도)"", ""anchor_room"": null, ""room_range"": ""401-406;426-435"", ""clip_score"": 0.021554, ""ocr_score"": 0.0, ""geo_score"": 0.090909, ""prior_score"": 0.496585, ""combined_score"": 0.157235}, {""rank"": 3, ""node_id"": 422, ""node_type"": ""ROOM"", ""description"": ""422호 강의실"", ""anchor_room"": null, ""room_range"": null, ""clip_score"": 0.023451, ""ocr_score"": 0.0, ""geo_score"": 0.117904, ""prior_score"": 0.246597, ""combined_score"": 0.119932}, {""rank"": 4, ""node_id"": 421, ""node_type"": ""ROOM"", ""description"": ""421호 강의실"", ""anchor_room"": null, ""room_range"": null, ""clip_score"": 0.028963, ""ocr_score"": 0.0, ""geo_score"": 0.097403, ""prior_score"": 0.246597, ""combined_score"": 0.117244}, {""rank"": 5, ""node_id"": 430, ""node_type"": ""ROOM"", ""description"": ""430호 강의실"", ""anchor_room"": null, ""room_range"": null, ""clip_score"": 0.022236, ""ocr_score"": 0.0, ""geo_score"": 0.10828, ""prior_score"": 0.246597, ""combined_score"": 0.114868}, {""rank"": 6, ""node_id"": 431, ""node_type"": ""ROOM"", ""description"": ""431호 강의실"", ""anchor_room"": null, ""room_range"": null, ""clip_score"": 0.025329, ""ocr_score"": 0.0, ""geo_score"": 0.097561, ""prior_score"": 0.246597, ""combined_score"": 0.113673}, {""rank"": 7, ""node_id"": 4170, ""node_type"": ""STUDY"", ""description"": ""아라테크네 학습공간 입구"", ""anchor_room"": null, ""room_range"": null, ""clip_score"": 0.023288, ""ocr_score"": 0.0, ""geo_score"": 0.086022, ""prior_score"": 0.246597, ""combined_score"": 0.107016}, {""rank"": 8, ""node_id"": 427, ""node_type"": ""ROOM"", ""description"": ""427호 강의실"", ""anchor_room"": null, ""room_range"": null, ""clip_score"": 0.027361, ""ocr_score"": 0.0, ""geo_score"": 0.067797, ""prior_score"": 0.246597, ""combined_score"": 0.103799}, {""rank"": 9, ""node_id"": 4180, ""node_type"": ""ROOM"", ""description"": ""KE SW 아카데미 행정실"", ""anchor_room"": null, ""room_range"": null, ""clip_score"": 0.021906, ""ocr_score"": 0.0, ""geo_score"": 0.079137, ""prior_score"": 0.122456, ""combined_score"": 0.078052}, {""rank"": 10, ""node_id"": 408, ""node_type"": ""ROOM"", ""description"": ""408호 강의실"", ""anchor_room"": null, ""room_range"": null, ""clip_score"": 0.021597, ""ocr_score"": 0.0, ""geo_score"": 0.087379, ""prior_score"": 0.06081, ""combined_score"": 0.06871}]"
6,6,benchmarks\route_test\4150_414_418_006.jpg,4150_414_418_006.jpg,4150,414,418,419,4103,0,0,0,,0.0,1,[4103],1,2,2,0.382516,418,[],"[419, 421, 420, 422, 4170]",10,10,"[{""rank"": 1, ""node_id"": 419, ""node_type"": ""ROOM"", ""description"": ""419호 강의실"", ""anchor_room"": null, ""room_range"": null, ""clip_score"": 0.008977, ""ocr_score"": 0.0, ""geo_score"": 0.178947, ""prior_score"": 0.496585, ""combined_score"": 0.179873}, {""rank"": 2, ""node_id"": 421, ""node_type"": ""ROOM"", ""description"": ""421호 강의실"", ""anchor_room"": null, ""room_range"": null, ""clip_score"": 0.016374, ""ocr_score"": 0.0, ""geo_score"": 0.06, ""prior_score"": 0.496585, ""combined_score"": 0.139691}, {""rank"": 3, ""node_id"": 420, ""node_type"": ""ROOM"", ""description"": ""420호 강의실"", ""anchor_room"": null, ""room_range"": null, ""clip_score"": 0.012801, ""ocr_score"": 0.0, ""geo_score"": 0.068376, ""prior_score"": 0.496585, ""combined_score"": 0.139468}, {""rank"": 4, ""node_id"": 422, ""node_type"": ""ROOM"", ""description"": ""422호 강의실"", ""anchor_room"": null, ""room_range"": null, ""clip_score"": 0.012496, ""ocr_score"": 0.0, ""geo_score"": 0.060241, ""prior_score"": 0.496585, ""combined_score"": 0.135909}, {""rank"": 5, ""node_id"": 4170, ""node_type"": ""STUDY"", ""description"": ""아라테크네 학습공간 입구"", ""anchor_room"": null, ""room_range"": null, ""clip_score"": 0.016349, ""ocr_score"": 0.0, ""geo_score"": 0.137405, ""prior_score"": 0.246597, ""combined_score"": 0.12063}, {""rank"": 6, ""node_id"": 430, ""node_type"": ""ROOM"", ""description"": ""430호 강의실"", ""anchor_room"": null, ""room_range"": null, ""clip_score"": 0.010088, ""ocr_score"": 0.0, ""geo_score"": 0.143836, ""prior_score"": 0.122456, ""combined_score"": 0.092113}, {""rank"": 7, ""node_id"": 428, ""node_type"": ""ROOM"", ""description"": ""428호 강의실"", ""anchor_room"": null, ""room_range"": null, ""clip_score"": 0.008558, ""ocr_score"": 0.0, ""geo_score"": 0.104651, ""prior_score"": 0.122456, ""combined_score"": 0.07491}, {""rank"": 8, ""node_id"": 429, ""node_type"": ""ROOM"", ""description"": ""429호 강의실"", ""anchor_room"": null, ""room_range"": null, ""clip_score"": 0.009752, ""ocr_score"": 0.0, ""geo_score"": 0.094787, ""prior_score"": 0.122456, ""combined_score"": 0.072158}, {""rank"": 9, ""node_id"": 431, ""node_type"": ""ROOM"", ""description"": ""431호 강의실"", ""anchor_room"": null, ""room_range"": null, ""clip_score"": 0.016408, ""ocr_score"": 0.0, ""geo_score"": 0.071429, ""prior_score"": 0.122456, ""combined_score"": 0.069471}, {""rank"": 10, ""node_id"": 427, ""node_type"": ""ROOM"", ""description"": ""427호 강의실"", ""anchor_room"": null, ""room_range"": null, ""clip_score"": 0.014137, ""ocr_score"": 0.0, ""geo_score"": 0.052133, ""prior_score"": 0.122456, ""combined_score"": 0.059481}]"
7,7,benchmarks\route_test\4150_414_417_007.jpg,4150_414_417_007.jpg,4150,414,417,419,4103,0,0,0,,0.0,2,[4103],1,2,2,0.780218,,[],"[419, 4103, 420, 429, 4201]",10,10,"[{""rank"": 1, ""node_id"": 419, ""node_type"": ""ROOM"", ""description"": ""419호 강의실"", ""anchor_room"": null, ""room_range"": null, ""clip_score"": 0.030975, ""ocr_score"": 0.0, ""geo_score"": 0.240343, ""prior_score"": 1.0, ""combined_score"": 0.327113}, {""rank"": 2, ""node_id"": 4103, ""node_type"": ""CORRIDOR"", ""description"": ""4층 412~425 앞 복도(우측 세로 복도)"", ""anchor_room"": null, ""room_range"": ""412-425"", ""clip_score"": 0.038349, ""ocr_score"": 0.0, ""geo_score"": 0.272727, ""prior_score"": 0.496585, ""combined_score"": 0.246757}, {""rank"": 3, ""node_id"": 420, ""node_type"": ""ROOM"", ""description"": ""420호 강의실"", ""anchor_room"": null, ""room_range"": null, ""clip_score"": 0.030465, ""ocr_score"": 0.0, ""geo_score"": 0.116883, ""prior_score"": 0.496585, ""combined_score"": 0.176535}, {""rank"": 4, ""node_id"": 429, ""node_type"": ""ROOM"", ""description"": ""429호 강의실"", ""anchor_room"": null, ""room_range"": null, ""clip_score"": 0.032981, ""ocr_score"": 0.0, ""geo_score"": 0.192182, ""prior_score"": 0.06081, ""combined_score"": 0.122016}, {""rank"": 5, ""node_id"": 4201, ""node_type"": ""INTERSECTION"", ""description"": ""북서 교차점(401/434 인근, 복도1-복도2 상단 연결)"", ""anchor_room"": null, ""room_range"": null, ""clip_score"": 0.028904, ""ocr_score"": 0.0, ""geo_score"": 0.19403, ""prior_score"": 0.06081, ""combined_score"": 0.118678}, {""rank"": 6, ""node_id"": 421, ""node_type"": ""ROOM"", ""description"": ""421호 강의실"", ""anchor_room"": null, ""room_range"": null, ""clip_score"": 0.033169, ""ocr_score"": 0.0, ""geo_score"": 0.079268, ""prior_score"": 0.246597, ""combined_score"": 0.114196}, {""rank"": 7, ""node_id"": 422, ""node_type"": ""ROOM"", ""description"": ""422호 강의실"", ""anchor_room"": null, ""room_range"": null, ""clip_score"": 0.031816, ""ocr_score"": 0.0, ""geo_score"": 0.079832, ""prior_score"": 0.246597, ""combined_score"": 0.113068}, {""rank"": 8, ""node_id"": 4170, ""node_type"": ""STUDY"", ""description"": ""아라테크네 학습공간 입구"", ""anchor_room"": null, ""room_range"": null, ""clip_score"": 0.050322, ""ocr_score"": 0.0, ""geo_score"": 0.070423, ""prior_score"": 0.122456, ""combined_score"": 0.102983}, {""rank"": 9, ""node_id"": 427, ""node_type"": ""ROOM"", ""description"": ""427호 강의실"", ""anchor_room"": null, ""room_range"": null, ""clip_score"": 0.03504, ""ocr_score"": 0.0, ""geo_score"": 0.086093, ""prior_score"": 0.06081, ""combined_score"": 0.081639}, {""rank"": 10, ""node_id"": 431, ""node_type"": ""ROOM"", ""description"": ""431호 강의실"", ""anchor_room"": null, ""room_range"": null, ""clip_score"": 0.033051, ""ocr_score"": 0.0, ""geo_score"": 0.036364, ""prior_score"": 0.06081, ""combined_score"": 0.059759}]"
8,8,benchmarks\route_test\4150_414_417_008.jpg,4150_414_417_008.jpg,4150,414,417,4103,414,0,0,0,,0.0,1,[4103],0,1,2,0.999999,417,[],"[4103, 4102, 4201, 4101, 421]",10,10,"[{""rank"": 1, ""node_id"": 4103, ""node_type"": ""CORRIDOR"", ""description"": ""4층 412~425 앞 복도(우측 세로 복도)"", ""anchor_room"": null, ""room_range"": ""412-425"", ""clip_score"": 0.019385, ""ocr_score"": 0.8, ""geo_score"": 0.27897, ""prior_score"": 0.496585, ""combined_score"": 0.87029}, {""rank"": 2, ""node_id"": 4102, ""node_type"": ""CORRIDOR"", ""description"": ""4층 426~435, 401~406 앞 복도(좌측 세로 복도)"", ""anchor_room"": null, ""room_range"": ""401-406;426-435"", ""clip_score"": 0.001859, ""ocr_score"": 0.0, ""geo_score"": 0.272727, ""prior_score"": 0.122456, ""combined_score"": 0.135441}, {""rank"": 3, ""node_id"": 4201, ""node_type"": ""INTERSECTION"", ""description"": ""북서 교차점(401/434 인근, 복도1-복도2 상단 연결)"", ""anchor_room"": null, ""room_range"": null, ""clip_score"": 0.013204, ""ocr_score"": 0.0, ""geo_score"": 0.228571, ""prior_score"": 0.06081, ""combined_score"": 0.116795}, {""rank"": 4, ""node_id"": 4101, ""node_type"": ""CORRIDOR"", ""description"": ""4층 407~411 앞 복도"", ""anchor_room"": null, ""room_range"": ""407-411"", ""clip_score"": 0.004817, ""ocr_score"": 0.0, ""geo_score"": 0.206349, ""prior_score"": 0.122456, ""combined_score"": 0.111848}, {""rank"": 5, ""node_id"": 421, ""node_type"": ""ROOM"", ""description"": ""421호 강의실"", ""anchor_room"": null, ""room_range"": null, ""clip_score"": 0.003668, ""ocr_score"": 0.0, ""geo_score"": 0.100917, ""prior_score"": 0.246597, ""combined_score"": 0.093355}, {""rank"": 6, ""node_id"": 429, ""node_type"": ""ROOM"", ""description"": ""429호 강의실"", ""anchor_room"": null, ""room_range"": null, ""clip_score"": 0.006938, ""ocr_score"": 0.0, ""geo_score"": 0.177083, ""prior_score"": 0.06081, ""combined_score"": 0.089933}, {""rank"": 7, ""node_id"": 422, ""node_type"": ""ROOM"", ""description"": ""422호 강의실"", ""anchor_room"": null, ""room_range"": null, ""clip_score"": 0.003528, ""ocr_score"": 0.0, ""geo_score"": 0.089552, ""prior_score"": 0.246597, ""combined_score"": 0.088668}, {""rank"": 8, ""node_id"": 4170, ""node_type"": ""STUDY"", ""description"": ""아라테크네 학습공간 입구"", ""anchor_room"": null, ""room_range"": null, ""clip_score"": 0.031207, ""ocr_score"": 0.0, ""geo_score"": 0.051471, ""prior_score"": 0.122456, ""combined_score"": 0.076287}, {""rank"": 9, ""node_id"": 431, ""node_type"": ""ROOM"", ""description"": ""431호 강의실"", ""anchor_room"": null, ""room_range"": null, ""clip_score"": 0.008794, ""ocr_score"": 0.0, ""geo_score"": 0.095238, ""prior_score"": 0.06081, ""combined_score"": 0.059051}, {""rank"": 10, ""node_id"": 427, ""node_type"": ""ROOM"", ""description"": ""427호 강의실"", ""anchor_room"": null, ""room_range"": null, ""clip_score"": 0.005419, ""ocr_score"": 0.0, ""geo_score"": 0.1, ""prior_score"": 0.06081, ""combined_score"": 0.057581}]"
9,9,benchmarks\route_test\4150_414_416_009.jpg,4150_414_416_009.jpg,4150,414,416,4103,414,0,1,1,2,0.5,1,[4103],0,1,2,0.870888,,[],"[4103, 416, 419, 422, 421]",10,10,"[{""rank"": 1, ""node_id"": 4103, ""node_type"": ""CORRIDOR"", ""description"": ""4층 412~425 앞 복도(우측 세로 복도)"", ""anchor_room"": null, ""room_range"": ""412-425"", ""clip_score"": 0.038407, ""ocr_score"": 0.0, ""geo_score"": 0.330144, ""prior_score"": 1.0, ""combined_score"": 0.370465}, {""rank"": 2, ""node_id"": 416, ""node_type"": ""ROOM"", ""description"": ""416호 강의실"", ""anchor_room"": null, ""room_range"": null, ""clip_score"": 0.034253, ""ocr_score"": 0.0, ""geo_score"": 0.230114, ""prior_score"": 0.496585, ""combined_score"": 0.225616}, {""rank"": 3, ""node_id"": 419, ""node_type"": ""ROOM"", ""description"": ""419호 강의실"", ""anchor_room"": null, ""room_range"": null, ""clip_score"": 0.036408, ""ocr_score"": 0.0, ""geo_score"": 0.187266, ""prior_score"": 0.496585, ""combined_score"": 0.210632}, {""rank"": 4, ""node_id"": 422, ""node_type"": ""ROOM"", ""description"": ""422호 강의실"", ""anchor_room"": null, ""room_range"": null, ""clip_score"": 0.03606, ""ocr_score"": 0.0, ""geo_score"": 0.167785, ""prior_score"": 0.496585, ""combined_score"": 0.202491}, {""rank"": 5, ""node_id"": 421, ""node_type"": ""ROOM"", ""description"": ""421호 강의실"", ""anchor_room"": null, ""room_range"": null, ""clip_score"": 0.040476, ""ocr_score"": 0.0, ""geo_score"": 0.070352, ""prior_score"": 0.496585, ""combined_score"": 0.167934}, {""rank"": 6, ""node_id"": 420, ""node_type"": ""ROOM"", ""description"": ""420호 강의실"", ""anchor_room"": null, ""room_range"": null, ""clip_score"": 0.036832, ""ocr_score"": 0.0, ""geo_score"": 0.064286, ""prior_score"": 0.496585, ""combined_score"": 0.161863}, {""rank"": 7, ""node_id"": 429, ""node_type"": ""ROOM"", ""description"": ""429호 강의실"", ""anchor_room"": null, ""room_range"": null, ""clip_score"": 0.037921, ""ocr_score"": 0.0, ""geo_score"": 0.215488, ""prior_score"": 0.122456, ""combined_score"": 0.148608}, {""rank"": 8, ""node_id"": 4170, ""node_type"": ""STUDY"", ""description"": ""아라테크네 학습공간 입구"", ""anchor_room"": null, ""room_range"": null, ""clip_score"": 0.062862, ""ocr_score"": 0.0, ""geo_score"": 0.072, ""prior_score"": 0.246597, ""combined_score"": 0.140981}, {""rank"": 9, ""node_id"": 431, ""node_type"": ""ROOM"", ""description"": ""431호 강의실"", ""anchor_room"": null, ""room_range"": null, ""clip_score"": 0.038813, ""ocr_score"": 0.0, ""geo_score"": 0.104046, ""prior_score"": 0.122456, ""combined_score"": 0.104923}, {""rank"": 10, ""node_id"": 427, ""node_type"": ""ROOM"", ""description"": ""427호 강의실"", ""anchor_room"": null, ""room_range"": null, ""clip_score"": 0.039282, ""ocr_score"": 0.0, ""geo_score"": 0.09622, ""prior_score"": 0.122456, ""combined_score"": 0.102261}]"
10,10,benchmarks\route_test\4150_414_416_010.jpg,4150_414_416_010.jpg,4150,414,416,4103,414,0,1,1,2,0.5,1,[4103],0,1,2,0.992106,416,[],"[4103, 416, 419, 421, 422]",10,10,"[{""rank"": 1, ""node_id"": 4103, ""node_type"": ""CORRIDOR"", ""description"": ""4층 412~425 앞 복도(우측 세로 복도)"", ""anchor_room"": null, ""room_range"": ""412-425"", ""clip_score"": 0.040984, ""ocr_score"": 0.8, ""geo_score"": 0.264798, ""prior_score"": 1.0, ""combined_score"": 0.986903}, {""rank"": 2, ""node_id"": 416, ""node_type"": ""ROOM"", ""description"": ""416호 강의실"", ""anchor_room"": null, ""room_range"": null, ""clip_score"": 0.039938, ""ocr_score"": 0.6, ""geo_score"": 0.314894, ""prior_score"": 0.496585, ""combined_score"": 0.745212}, {""rank"": 3, ""node_id"": 419, ""node_type"": ""ROOM"", ""description"": ""419호 강의실"", ""anchor_room"": null, ""room_range"": null, ""clip_score"": 0.040689, ""ocr_score"": 0.0, ""geo_score"": 0.159091, ""prior_score"": 0.496585, ""combined_score"": 0.203643}, {""rank"": 4, ""node_id"": 421, ""node_type"": ""ROOM"", ""description"": ""421호 강의실"", ""anchor_room"": null, ""room_range"": null, ""clip_score"": 0.043923, ""ocr_score"": 0.0, ""geo_score"": 0.104167, ""prior_score"": 0.496585, ""combined_score"": 0.184907}, {""rank"": 5, ""node_id"": 422, ""node_type"": ""ROOM"", ""description"": ""422호 강의실"", ""anchor_room"": null, ""room_range"": null, ""clip_score"": 0.039362, ""ocr_score"": 0.0, ""geo_score"": 0.053004, ""prior_score"": 0.496585, ""combined_score"": 0.159881}, {""rank"": 6, ""node_id"": 4170, ""node_type"": ""STUDY"", ""description"": ""아라테크네 학습공간 입구"", ""anchor_room"": null, ""room_range"": null, ""clip_score"": 0.057763, ""ocr_score"": 0.0, ""geo_score"": 0.084656, ""prior_score"": 0.246597, ""combined_score"": 0.140945}, {""rank"": 7, ""node_id"": 429, ""node_type"": ""ROOM"", ""description"": ""429호 강의실"", ""anchor_room"": null, ""room_range"": null, ""clip_score"": 0.040883, ""ocr_score"": 0.0, ""geo_score"": 0.157667, ""prior_score"": 0.122456, ""combined_score"": 0.128442}, {""rank"": 8, ""node_id"": 431, ""node_type"": ""ROOM"", ""description"": ""431호 강의실"", ""anchor_room"": null, ""room_range"": null, ""clip_score"": 0.041436, ""ocr_score"": 0.0, ""geo_score"": 0.125461, ""prior_score"": 0.122456, ""combined_score"": 0.116111}, {""rank"": 9, ""node_id"": 427, ""node_type"": ""ROOM"", ""description"": ""427호 강의실"", ""anchor_room"": null, ""room_range"": null, ""clip_score"": 0.043294, ""ocr_score"": 0.0, ""geo_score"": 0.104396, ""prior_score"": 0.122456, ""combined_score"": 0.109544}, {""rank"": 10, ""node_id"": 430, ""node_type"": ""ROOM"", ""description"": ""430호 강의실"", ""anchor_room"": null, ""room_range"": null, ""clip_score"": 0.038212, ""ocr_score"": 0.0, ""geo_score"": 0.114286, ""prior_score"": 0.122456, ""combined_score"": 0.108418}]"
11,11,benchmarks\route_test\4150_414_4111_011.jpg,4150_414_4111_011.jpg,4150,414,4111,4103,414,0,0,0,,0.0,1,"[415, 4103]",0,1,2,0.780359,,[],"[4103, 416, 419, 423, 421]",10,10,"[{""rank"": 1, ""node_id"": 4103, ""node_type"": ""CORRIDOR"", ""description"": ""4층 412~425 앞 복도(우측 세로 복도)"", ""anchor_room"": null, ""room_range"": ""412-425"", ""clip_score"": 0.05146, ""ocr_score"": 0.0, ""geo_score"": 0.204545, ""prior_score"": 1.0, ""combined_score"": 0.333278}, {""rank"": 2, ""node_id"": 416, ""node_type"": ""ROOM"", ""description"": ""416호 강의실"", ""anchor_room"": null, ""room_range"": null, ""clip_score"": 0.046713, ""ocr_score"": 0.0, ""geo_score"": 0.196154, ""prior_score"": 0.496585, ""combined_score"": 0.224492}, {""rank"": 3, ""node_id"": 419, ""node_type"": ""ROOM"", ""description"": ""419호 강의실"", ""anchor_room"": null, ""room_range"": null, ""clip_score"": 0.047965, ""ocr_score"": 0.0, ""geo_score"": 0.143646, ""prior_score"": 0.496585, ""combined_score"": 0.204741}, {""rank"": 4, ""node_id"": 423, ""node_type"": ""ROOM"", ""description"": ""423호 강의실"", ""anchor_room"": null, ""room_range"": null, ""clip_score"": 0.044328, ""ocr_score"": 0.0, ""geo_score"": 0.100962, ""prior_score"": 0.496585, ""combined_score"": 0.18403}, {""rank"": 5, ""node_id"": 421, ""node_type"": ""ROOM"", ""description"": ""421호 강의실"", ""anchor_room"": null, ""room_range"": null, ""clip_score"": 0.050106, ""ocr_score"": 0.0, ""geo_score"": 0.060109, ""prior_score"": 0.496585, ""combined_score"": 0.173466}, {""rank"": 6, ""node_id"": 422, ""node_type"": ""ROOM"", ""description"": ""422호 강의실"", ""anchor_room"": null, ""room_range"": null, ""clip_score"": 0.045683, ""ocr_score"": 0.0, ""geo_score"": 0.059406, ""prior_score"": 0.496585, ""combined_score"": 0.168762}, {""rank"": 7, ""node_id"": 431, ""node_type"": ""ROOM"", ""description"": ""431호 강의실"", ""anchor_room"": null, ""room_range"": null, ""clip_score"": 0.047584, ""ocr_score"": 0.0, ""geo_score"": 0.172093, ""prior_score"": 0.122456, ""combined_score"": 0.140912}, {""rank"": 8, ""node_id"": 4170, ""node_type"": ""STUDY"", ""description"": ""아라테크네 학습공간 입구"", ""anchor_room"": null, ""room_range"": null, ""clip_score"": 0.049785, ""ocr_score"": 0.0, ""geo_score"": 0.058824, ""prior_score"": 0.246597, ""combined_score"": 0.122634}, {""rank"": 9, ""node_id"": 429, ""node_type"": ""ROOM"", ""description"": ""429호 강의실"", ""anchor_room"": null, ""room_range"": null, ""clip_score"": 0.048735, ""ocr_score"": 0.0, ""geo_score"": 0.096154, ""prior_score"": 0.122456, ""combined_score"": 0.111688}, {""rank"": 10, ""node_id"": 427, ""node_type"": ""ROOM"", ""description"": ""427호 강의실"", ""anchor_room"": null, ""room_range"": null, ""clip_score"": 0.049961, ""ocr_score"": 0.0, ""geo_score"": 0.069767, ""prior_score"": 0.122456, ""combined_score"": 0.10236}]"
12,12,benchmarks\route_test\4150_414_415_012.jpg,4150_414_415_012.jpg,4150,414,415,4103,414,0,0,0,,0.0,1,[414],1,1,1,0.59749,,[],"[4103, 421, 416, 422, 420]",10,10,"[{""rank"": 1, ""node_id"": 4103, ""node_type"": ""CORRIDOR"", ""description"": ""4층 412~425 앞 복도(우측 세로 복도)"", ""anchor_room"": null, ""room_range"": ""412-425"", ""clip_score"": 0.035992, ""ocr_score"": 0.0, ""geo_score"": 0.09434, ""prior_score"": 1.0, ""combined_score"": 0.273728}, {""rank"": 2, ""node_id"": 421, ""node_type"": ""ROOM"", ""description"": ""421호 강의실"", ""anchor_room"": null, ""room_range"": null, ""clip_score"": 0.031632, ""ocr_score"": 0.0, ""geo_score"": 0.225455, ""prior_score"": 0.496585, ""combined_score"": 0.221131}, {""rank"": 3, ""node_id"": 416, ""node_type"": ""ROOM"", ""description"": ""416호 강의실"", ""anchor_room"": null, ""room_range"": null, ""clip_score"": 0.031045, ""ocr_score"": 0.0, ""geo_score"": 0.086957, ""prior_score"": 0.496585, ""combined_score"": 0.165145}, {""rank"": 4, ""node_id"": 422, ""node_type"": ""ROOM"", ""description"": ""422호 강의실"", ""anchor_room"": null, ""room_range"": null, ""clip_score"": 0.028913, ""ocr_score"": 0.0, ""geo_score"": 0.08642, ""prior_score"": 0.496585, ""combined_score"": 0.162798}, {""rank"": 5, ""node_id"": 420, ""node_type"": ""ROOM"", ""description"": ""420호 강의실"", ""anchor_room"": null, ""room_range"": null, ""clip_score"": 0.02745, ""ocr_score"": 0.0, ""geo_score"": 0.081633, ""prior_score"": 0.496585, ""combined_score"": 0.159421}, {""rank"": 6, ""node_id"": 4170, ""node_type"": ""STUDY"", ""description"": ""아라테크네 학습공간 입구"", ""anchor_room"": null, ""room_range"": null, ""clip_score"": 0.032483, ""ocr_score"": 0.0, ""geo_score"": 0.063218, ""prior_score"": 0.246597, ""combined_score"": 0.107089}, {""rank"": 7, ""node_id"": 429, ""node_type"": ""ROOM"", ""description"": ""429호 강의실"", ""anchor_room"": null, ""room_range"": null, ""clip_score"": 0.028402, ""ocr_score"": 0.0, ""geo_score"": 0.133333, ""prior_score"": 0.122456, ""combined_score"": 0.106227}, {""rank"": 8, ""node_id"": 427, ""node_type"": ""ROOM"", ""description"": ""427호 강의실"", ""anchor_room"": null, ""room_range"": null, ""clip_score"": 0.028849, ""ocr_score"": 0.0, ""geo_score"": 0.127358, ""prior_score"": 0.122456, ""combined_score"": 0.104284}, {""rank"": 9, ""node_id"": 431, ""node_type"": ""ROOM"", ""description"": ""431호 강의실"", ""anchor_room"": null, ""room_range"": null, ""clip_score"": 0.029391, ""ocr_score"": 0.0, ""geo_score"": 0.083333, ""prior_score"": 0.122456, ""combined_score"": 0.087215}, {""rank"": 10, ""node_id"": 428, ""node_type"": ""ROOM"", ""description"": ""428호 강의실"", ""anchor_room"": null, ""room_range"": null, ""clip_score"": 0.026375, ""ocr_score"": 0.0, ""geo_score"": 0.077626, ""prior_score"": 0.122456, ""combined_score"": 0.081916}]"
13,13,benchmarks\route_test\4150_414_415_013.jpg,4150_414_415_013.jpg,4150,414,415,4103,414,0,0,0,,0.0,1,[414],1,1,1,0.513798,,[],"[4103, 421, 420, 4170, 427]",10,10,"[{""rank"": 1, ""node_id"": 4103, ""node_type"": ""CORRIDOR"", ""description"": ""4층 412~425 앞 복도(우측 세로 복도)"", ""anchor_room"": null, ""room_range"": ""412-425"", ""clip_score"": 0.034509, ""ocr_score"": 0.0, ""geo_score"": 0.128289, ""prior_score"": 1.0, ""combined_score"": 0.285825}, {""rank"": 2, ""node_id"": 421, ""node_type"": ""ROOM"", ""description"": ""421호 강의실"", ""anchor_room"": null, ""room_range"": null, ""clip_score"": 0.026199, ""ocr_score"": 0.0, ""geo_score"": 0.371758, ""prior_score"": 0.496585, ""combined_score"": 0.274219}, {""rank"": 3, ""node_id"": 420, ""node_type"": ""ROOM"", ""description"": ""420호 강의실"", ""anchor_room"": null, ""room_range"": null, ""clip_score"": 0.025495, ""ocr_score"": 0.0, ""geo_score"": 0.064, ""prior_score"": 0.496585, ""combined_score"": 0.150412}, {""rank"": 4, ""node_id"": 4170, ""node_type"": ""STUDY"", ""description"": ""아라테크네 학습공간 입구"", ""anchor_room"": null, ""room_range"": null, ""clip_score"": 0.044587, ""ocr_score"": 0.0, ""geo_score"": 0.102041, ""prior_score"": 0.246597, ""combined_score"": 0.134723}, {""rank"": 5, ""node_id"": 427, ""node_type"": ""ROOM"", ""description"": ""427호 강의실"", ""anchor_room"": null, ""room_range"": null, ""clip_score"": 0.028846, ""ocr_score"": 0.0, ""geo_score"": 0.172749, ""prior_score"": 0.122456, ""combined_score"": 0.122437}, {""rank"": 6, ""node_id"": 431, ""node_type"": ""ROOM"", ""description"": ""431호 강의실"", ""anchor_room"": null, ""room_range"": null, ""clip_score"": 0.027787, ""ocr_score"": 0.0, ""geo_score"": 0.157692, ""prior_score"": 0.122456, ""combined_score"": 0.115355}, {""rank"": 7, ""node_id"": 429, ""node_type"": ""ROOM"", ""description"": ""429호 강의실"", ""anchor_room"": null, ""room_range"": null, ""clip_score"": 0.026706, ""ocr_score"": 0.0, ""geo_score"": 0.141869, ""prior_score"": 0.122456, ""combined_score"": 0.107945}, {""rank"": 8, ""node_id"": 4101, ""node_type"": ""CORRIDOR"", ""description"": ""4층 407~411 앞 복도"", ""anchor_room"": null, ""room_range"": ""407-411"", ""clip_score"": 0.02711, ""ocr_score"": 0.0, ""geo_score"": 0.073529, ""prior_score"": 0.246597, ""combined_score"": 0.105841}, {""rank"": 9, ""node_id"": 4201, ""node_type"": ""INTERSECTION"", ""description"": ""북서 교차점(401/434 인근, 복도1-복도2 상단 연결)"", ""anchor_room"": null, ""room_range"": null, ""clip_score"": 0.033363, ""ocr_score"": 0.0, ""geo_score"": 0.056769, ""prior_score"": 0.122456, ""combined_score"": 0.080562}, {""rank"": 10, ""node_id"": 4128, ""node_type"": ""RESTROOM_HUB"", ""description"": ""4층 중단 서쪽 화장실 허브"", ""anchor_room"": ""429;430"", ""room_range"": null, ""clip_score"": 0.025111, ""ocr_score"": 0.0, ""geo_score"": 0.069307, ""prior_score"": 0.122456, ""combined_score"": 0.077325}]"
14,14,benchmarks\route_test\4150_414_415_014.jpg,4150_414_415_014.jpg,4150,414,415,4103,414,0,0,0,,0.0,1,[414],1,1,1,0.641692,,[],"[4103, 421, 419, 422, 420]",10,10,"[{""rank"": 1, ""node_id"": 4103, ""node_type"": ""CORRIDOR"", ""description"": ""4층 412~425 앞 복도(우측 세로 복도)"", ""anchor_room"": null, ""room_range"": ""412-425"", ""clip_score"": 0.043227, ""ocr_score"": 0.0, ""geo_score"": 0.100775, ""prior_score"": 1.0, ""combined_score"": 0.283537}, {""rank"": 2, ""node_id"": 421, ""node_type"": ""ROOM"", ""description"": ""421호 강의실"", ""anchor_room"": null, ""room_range"": null, ""clip_score"": 0.036717, ""ocr_score"": 0.0, ""geo_score"": 0.134021, ""prior_score"": 0.496585, ""combined_score"": 0.189642}, {""rank"": 3, ""node_id"": 419, ""node_type"": ""ROOM"", ""description"": ""419호 강의실"", ""anchor_room"": null, ""room_range"": null, ""clip_score"": 0.036646, ""ocr_score"": 0.0, ""geo_score"": 0.129568, ""prior_score"": 0.496585, ""combined_score"": 0.18779}, {""rank"": 4, ""node_id"": 422, ""node_type"": ""ROOM"", ""description"": ""422호 강의실"", ""anchor_room"": null, ""room_range"": null, ""clip_score"": 0.035507, ""ocr_score"": 0.0, ""geo_score"": 0.123134, ""prior_score"": 0.496585, ""combined_score"": 0.184078}, {""rank"": 5, ""node_id"": 420, ""node_type"": ""ROOM"", ""description"": ""420호 강의실"", ""anchor_room"": null, ""room_range"": null, ""clip_score"": 0.034494, ""ocr_score"": 0.0, ""geo_score"": 0.110638, ""prior_score"": 0.496585, ""combined_score"": 0.178067}, {""rank"": 6, ""node_id"": 4170, ""node_type"": ""STUDY"", ""description"": ""아라테크네 학습공간 입구"", ""anchor_room"": null, ""room_range"": null, ""clip_score"": 0.055286, ""ocr_score"": 0.0, ""geo_score"": 0.110429, ""prior_score"": 0.246597, ""combined_score"": 0.148777}, {""rank"": 7, ""node_id"": 429, ""node_type"": ""ROOM"", ""description"": ""429호 강의실"", ""anchor_room"": null, ""room_range"": null, ""clip_score"": 0.035096, ""ocr_score"": 0.0, ""geo_score"": 0.144404, ""prior_score"": 0.122456, ""combined_score"": 0.117349}, {""rank"": 8, ""node_id"": 427, ""node_type"": ""ROOM"", ""description"": ""427호 강의실"", ""anchor_room"": null, ""room_range"": null, ""clip_score"": 0.037331, ""ocr_score"": 0.0, ""geo_score"": 0.126761, ""prior_score"": 0.122456, ""combined_score"": 0.112526}, {""rank"": 9, ""node_id"": 431, ""node_type"": ""ROOM"", ""description"": ""431호 강의실"", ""anchor_room"": null, ""room_range"": null, ""clip_score"": 0.034343, ""ocr_score"": 0.0, ""geo_score"": 0.110526, ""prior_score"": 0.122456, ""combined_score"": 0.103045}, {""rank"": 10, ""node_id"": 4201, ""node_type"": ""INTERSECTION"", ""description"": ""북서 교차점(401/434 인근, 복도1-복도2 상단 연결)"", ""anchor_room"": null, ""room_range"": null, ""clip_score"": 0.033728, ""ocr_score"": 0.0, ""geo_score"": 0.061905, ""prior_score"": 0.122456, ""combined_score"": 0.082981}]"
15,15,benchmarks\route_test\4150_414_414_015.jpg,4150_414_414_015.jpg,4150,414,414,4103,414,0,0,0,,0.0,1,[],0,1,0,0.999999,414,[],"[4103, 419, 422, 421, 420]",10,10,"[{""rank"": 1, ""node_id"": 4103, ""node_type"": ""CORRIDOR"", ""description"": ""4층 412~425 앞 복도(우측 세로 복도)"", ""anchor_room"": null, ""room_range"": ""412-425"", ""clip_score"": 0.026351, ""ocr_score"": 0.8, ""geo_score"": 0.141593, ""prior_score"": 1.0, ""combined_score"": 0.922989}, {""rank"": 2, ""node_id"": 419, ""node_type"": ""ROOM"", ""description"": ""419호 강의실"", ""anchor_room"": null, ""room_range"": null, ""clip_score"": 0.026269, ""ocr_score"": 0.0, ""geo_score"": 0.134615, ""prior_score"": 0.496585, ""combined_score"": 0.179432}, {""rank"": 3, ""node_id"": 422, ""node_type"": ""ROOM"", ""description"": ""422호 강의실"", ""anchor_room"": null, ""room_range"": null, ""clip_score"": 0.028279, ""ocr_score"": 0.0, ""geo_score"": 0.126984, ""prior_score"": 0.496585, ""combined_score"": 0.17839}, {""rank"": 4, ""node_id"": 421, ""node_type"": ""ROOM"", ""description"": ""421호 강의실"", ""anchor_room"": null, ""room_range"": null, ""clip_score"": 0.031384, ""ocr_score"": 0.0, ""geo_score"": 0.11215, ""prior_score"": 0.496585, ""combined_score"": 0.17556}, {""rank"": 5, ""node_id"": 420, ""node_type"": ""ROOM"", ""description"": ""420호 강의실"", ""anchor_room"": null, ""room_range"": null, ""clip_score"": 0.025353, ""ocr_score"": 0.0, ""geo_score"": 0.103774, ""prior_score"": 0.496585, ""combined_score"": 0.166179}, {""rank"": 6, ""node_id"": 423, ""node_type"": ""ROOM"", ""description"": ""423호 강의실"", ""anchor_room"": null, ""room_range"": null, ""clip_score"": 0.025045, ""ocr_score"": 0.0, ""geo_score"": 0.097345, ""prior_score"": 0.496585, ""combined_score"": 0.1633}, {""rank"": 7, ""node_id"": 4170, ""node_type"": ""STUDY"", ""description"": ""아라테크네 학습공간 입구"", ""anchor_room"": null, ""room_range"": null, ""clip_score"": 0.032432, ""ocr_score"": 0.0, ""geo_score"": 0.093023, ""prior_score"": 0.246597, ""combined_score"": 0.118961}, {""rank"": 8, ""node_id"": 431, ""node_type"": ""ROOM"", ""description"": ""431호 강의실"", ""anchor_room"": null, ""room_range"": null, ""clip_score"": 0.026278, ""ocr_score"": 0.0, ""geo_score"": 0.131737, ""prior_score"": 0.122456, ""combined_score"": 0.103464}, {""rank"": 9, ""node_id"": 427, ""node_type"": ""ROOM"", ""description"": ""427호 강의실"", ""anchor_room"": null, ""room_range"": null, ""clip_score"": 0.028766, ""ocr_score"": 0.0, ""geo_score"": 0.108434, ""prior_score"": 0.122456, ""combined_score"": 0.096631}, {""rank"": 10, ""node_id"": 429, ""node_type"": ""ROOM"", ""description"": ""429호 강의실"", ""anchor_room"": null, ""room_range"": null, ""clip_score"": 0.027724, ""ocr_score"": 0.0, ""geo_score"": 0.109589, ""prior_score"": 0.122456, ""combined_score"": 0.096051}]"
16,16,benchmarks\route_test\4150_414_414_016.jpg,4150_414_414_016.jpg,4150,414,414,421,422,0,0,0,,0.0,2,[],0,2,0,0.999697,"414,421",[],"[421, 424, 4150, 422, 423]",10,10,"[{""rank"": 1, ""node_id"": 421, ""node_type"": ""ROOM"", ""description"": ""421호 강의실"", ""anchor_room"": null, ""room_range"": null, ""clip_score"": 0.027078, ""ocr_score"": 0.6, ""geo_score"": 0.098039, ""prior_score"": 0.496585, ""combined_score"": 0.645611}, {""rank"": 2, ""node_id"": 424, ""node_type"": ""ROOM"", ""description"": ""424호 강의실"", ""anchor_room"": null, ""room_range"": null, ""clip_score"": 0.024576, ""ocr_score"": 0.0, ""geo_score"": 0.147727, ""prior_score"": 0.496585, ""combined_score"": 0.182984}, {""rank"": 3, ""node_id"": 4150, ""node_type"": ""ELEVATOR"", ""description"": ""4층 중앙 엘리베이터"", ""anchor_room"": null, ""room_range"": null, ""clip_score"": 0.02443, ""ocr_score"": 0.0, ""geo_score"": 0.236842, ""prior_score"": 0.246597, ""combined_score"": 0.168486}, {""rank"": 4, ""node_id"": 422, ""node_type"": ""ROOM"", ""description"": ""422호 강의실"", ""anchor_room"": null, ""room_range"": null, ""clip_score"": 0.023049, ""ocr_score"": 0.0, ""geo_score"": 0.111111, ""prior_score"": 0.496585, ""combined_score"": 0.166811}, {""rank"": 5, ""node_id"": 423, ""node_type"": ""ROOM"", ""description"": ""423호 강의실"", ""anchor_room"": null, ""room_range"": null, ""clip_score"": 0.024868, ""ocr_score"": 0.0, ""geo_score"": 0.1, ""prior_score"": 0.496585, ""combined_score"": 0.164185}, {""rank"": 6, ""node_id"": 420, ""node_type"": ""ROOM"", ""description"": ""420호 강의실"", ""anchor_room"": null, ""room_range"": null, ""clip_score"": 0.022764, ""ocr_score"": 0.0, ""geo_score"": 0.103896, ""prior_score"": 0.496585, ""combined_score"": 0.16364}, {""rank"": 7, ""node_id"": 419, ""node_type"": ""ROOM"", ""description"": ""419호 강의실"", ""anchor_room"": null, ""room_range"": null, ""clip_score"": 0.025547, ""ocr_score"": 0.0, ""geo_score"": 0.094203, ""prior_score"": 0.496585, ""combined_score"": 0.162545}, {""rank"": 8, ""node_id"": 4140, ""node_type"": ""ELEVATOR"", ""description"": ""4층 상단 엘리베이터"", ""anchor_room"": null, ""room_range"": null, ""clip_score"": 0.021406, ""ocr_score"": 0.0, ""geo_score"": 0.206897, ""prior_score"": 0.122456, ""combined_score"": 0.128656}, {""rank"": 9, ""node_id"": 427, ""node_type"": ""ROOM"", ""description"": ""427호 강의실"", ""anchor_room"": null, ""room_range"": null, ""clip_score"": 0.025503, ""ocr_score"": 0.0, ""geo_score"": 0.12069, ""prior_score"": 0.122456, ""combined_score"": 0.09827}, {""rank"": 10, ""node_id"": 4180, ""node_type"": ""ROOM"", ""description"": ""KE SW 아카데미 행정실"", ""anchor_room"": null, ""room_range"": null, ""clip_score"": 0.021819, ""ocr_score"": 0.0, ""geo_score"": 0.136612, ""prior_score"": 0.06081, ""combined_score"": 0.088626}]"
