row_index,view_id,node_id,view_label,view_role,direction_to,image_path,use_for_localization
0,3F_3013_axis_from3132_01,3013,axis_from3132,corridor,,view/3F/3013/3F_3013_axis_from3132_01.jpg,true
1,3F_3013_axis_to3132_01,3013,axis_to3132,corridor,3132.0,view/3F/3013/3F_3013_axis_to3132_01.jpg,true
2,3F_3013_context_01,3013,context,context,,view/3F/3013/3F_3013_context_01.jpg,true
3,3F_3013_from3014_01,3013,from3014,corridor,,view/3F/3013/3F_3013_from3014_01.jpg,true
4,3F_3013_to3014_01,3013,to3014,corridor,3014.0,view/3F/3013/3F_3013_to3014_01.jpg,true
5,3F_3014_from3013conn_to_junction_01,3014,from3013conn_to_junction,connector,,view/3F/3014/3F_3014_from3013conn_to_junction_01.jpg,true
6,3F_3014_from3132conn_to_junction_01,3014,from3132conn_to_junction,connector,,view/3F/3014/3F_3014_from3132conn_to_junction_01.jpg,true
7,3F_3014_junction_axis_01,3014,junction_axis,corridor,,view/3F/3014/3F_3014_junction_axis_01.jpg,true
8,3F_3014_junction_axis_02,3014,junction_axis,corridor,,view/3F/3014/3F_3014_junction_axis_02.jpg,true
9,3F_3014_to3013conn_01,3014,to3013conn,connector,3013.0,view/3F/3014/3F_3014_to3013conn_01.jpg,true
10,3F_3014_to3080_01,3014,to3080,corridor,3080.0,view/3F/3014/3F_3014_to3080_01.jpg,true
11,3F_3014_to3080_02,3014,to3080,corridor,3080.0,view/3F/3014/3F_3014_to3080_02.jpg,true
12,3F_3014_to3132conn_01,3014,to3132conn,connector,3132.0,view/3F/3014/3F_3014_to3132conn_01.jpg,true
13,3F_3014_to3148_01,3014,to3148,corridor,3148.0,view/3F/3014/3F_3014_to3148_01.jpg,true
14,3F_3014_to3149_01,3014,to3149,corridor,3149.0,view/3F/3014/3F_3014_to3149_01.jpg,true
15,3F_3015_side_doors_from3014_01,3015,side_doors_from3014,door,,view/3F/3015/3F_3015_side_doors_from3014_01.jpg,false
16,3F_3015_side_doors_from3016_01,3015,side_doors_from3016,door,,view/3F/3015/3F_3015_side_doors_from3016_01.jpg,false
17,3F_3015_to3014_01,3015,to3014,corridor,3014.0,view/3F/3015/3F_3015_to3014_01.jpg,true
18,3F_3015_to3016_01,3015,to3016,corridor,3016.0,view/3F/3015/3F_3015_to3016_01.jpg,true
19,3F_3015_to3021_01,3015,to3021,corridor,3021.0,view/3F/3015/3F_3015_to3021_01.jpg,true
20,3F_3015_to3137_01,3015,to3137,corridor,3137.0,view/3F/3015/3F_3015_to3137_01.jpg,true
21,3F_3015_to3138_01,3015,to3138,corridor,3138.0,view/3F/3015/3F_3015_to3138_01.jpg,true
22,3F_3016_to3015_01,3016,to3015,corridor,3015.0,view/3F/3016/3F_3016_to3015_01.jpg,true
23,3F_3016_to3015_02,3016,to3015,corridor,3015.0,view/3F/3016/3F_3016_to3015_02.jpg,true
24,3F_3016_to3140_01,3016,to3140,corridor,3140.0,view/3F/3016/3F_3016_to3140_01.jpg,true
25,3F_3016_to3140_02,3016,to3140,corridor,3140.0,view/3F/3016/3F_3016_to3140_02.jpg,true
26,3F_3017_to3004_01,3017,to3004,corridor,3004.0,view/3F/3017/3F_3017_to3004_01.jpg,true
27,3F_3017_to3018_01,3017,to3018,corridor,3018.0,view/3F/3017/3F_3017_to3018_01.jpg,true
28,3F_3017_to3135_01,3017,to3135,corridor,3135.0,view/3F/3017/3F_3017_to3135_01.jpg,true
29,3F_3021_door_to3015_01,3021,door_to3015,door,3015.0,view/3F/3021/3F_3021_door_to3015_01.jpg,false
30,3F_3021_to3015_01,3021,to3015,corridor,3015.0,view/3F/3021/3F_3021_to3015_01.jpg,true
31,3F_3021_to_E7E8_01,3021,to_E7E8,corridor,,view/3F/3021/3F_3021_to_E7E8_01.jpg,true
32,3F_3021_to_E7E8_02,3021,to_E7E8,corridor,,view/3F/3021/3F_3021_to_E7E8_02.jpg,true
33,3F_3021_to_E7E8_context_01,3021,to_E7E8_context,context,,view/3F/3021/3F_3021_to_E7E8_context_01.jpg,true
34,3F_3021_to_E7E8_context_02,3021,to_E7E8_context,context,,view/3F/3021/3F_3021_to_E7E8_context_02.jpg,true
35,3F_3021_to_E7E8_context_03,3021,to_E7E8_context,context,,view/3F/3021/3F_3021_to_E7E8_context_03.jpg,true
36,3F_3043_center_context_01,3043,center_context,context,,view/3F/3043/3F_3043_center_context_01.jpg,true
37,3F_3043_center_context_02,3043,center_context,context,,view/3F/3043/3F_3043_center_context_02.jpg,true
38,3F_3043_from3044_to_inside_01,3043,from3044_to_inside,corridor,,view/3F/3043/3F_3043_from3044_to_inside_01.jpg,true
39,3F_3043_from3044_to_inside_02,3043,from3044_to_inside,corridor,,view/3F/3043/3F_3043_from3044_to_inside_02.jpg,true
40,3F_3043_left_doors_diag_01,3043,left_doors_diag,door,,view/3F/3043/3F_3043_left_doors_diag_01.jpg,false
41,3F_3043_right_doors_diag_01,3043,right_doors_diag,door,,view/3F/3043/3F_3043_right_doors_diag_01.jpg,false
42,3F_3043_to3044_exit_01,3043,to3044_exit,corridor,3044.0,view/3F/3043/3F_3043_to3044_exit_01.jpg,true
43,3F_3044_axis_to3046_01,3044,axis_to3046,corridor,3046.0,view/3F/3044/3F_3044_axis_to3046_01.jpg,true
44,3F_3044_axis_toEnd_01,3044,axis_toEnd,corridor,,view/3F/3044/3F_3044_axis_toEnd_01.jpg,true
45,3F_3044_to3013_foyer_01,3044,to3013_foyer,foyer,3013.0,view/3F/3044/3F_3044_to3013_foyer_01.jpg,true
46,3F_3044_to3013_foyer_02,3044,to3013_foyer,foyer,3013.0,view/3F/3044/3F_3044_to3013_foyer_02.jpg,true
47,3F_3044_to3043_ent_01,3044,to3043_ent,door,3043.0,view/3F/3044/3F_3044_to3043_ent_01.jpg,false
48,3F_3046_axis_to3044_01,3046,axis_to3044,corridor,3044.0,view/3F/3046/3F_3046_axis_to3044_01.jpg,true
49,3F_3046_axis_to3048_01,3046,axis_to3048,corridor,3048.0,view/3F/3046/3F_3046_axis_to3048_01.jpg,true
50,3F_3046_to3045_ent_01,3046,to3045_ent,door,3045.0,view/3F/3046/3F_3046_to3045_ent_01.jpg,false
51,3F_3046_to3132_foyer_01,3046,to3132_foyer,foyer,3132.0,view/3F/3046/3F_3046_to3132_foyer_01.jpg,true
52,3F_3046_to3132_foyer_02,3046,to3132_foyer,foyer,3132.0,view/3F/3046/3F_3046_to3132_foyer_02.jpg,true
53,3F_3048_axis_to3046_01,3048,axis_to3046,corridor,3046.0,view/3F/3048/3F_3048_axis_to3046_01.jpg,true
54,3F_3048_axis_to3050_01,3048,axis_to3050,corridor,3050.0,view/3F/3048/3F_3048_axis_to3050_01.jpg,true
55,3F_3048_to3047_ent_01,3048,to3047_ent,door,3047.0,view/3F/3048/3F_3048_to3047_ent_01.jpg,false
56,3F_3048_to3131_foyer_01,3048,to3131_foyer,foyer,3131.0,view/3F/3048/3F_3048_to3131_foyer_01.jpg,true
57,3F_3048_to3131_foyer_02,3048,to3131_foyer,foyer,3131.0,view/3F/3048/3F_3048_to3131_foyer_02.jpg,true
58,3F_3048_to3131_foyer_03,3048,to3131_foyer,foyer,3131.0,view/3F/3048/3F_3048_to3131_foyer_03.jpg,true
59,3F_3048_to3131_foyer_04,3048,to3131_foyer,foyer,3131.0,view/3F/3048/3F_3048_to3131_foyer_04.jpg,true
60,3F_3050_axis_to3048_01,3050,axis_to3048,corridor,3048.0,view/3F/3050/3F_3050_axis_to3048_01.jpg,true
61,3F_3050_axis_to3052_01,3050,axis_to3052,corridor,3052.0,view/3F/3050/3F_3050_axis_to3052_01.jpg,true
62,3F_3050_to3049_terminal_01,3050,to3049_terminal,corridor,3049.0,view/3F/3050/3F_3050_to3049_terminal_01.jpg,true
63,3F_3050_to3141_foyer_01,3050,to3141_foyer,foyer,3141.0,view/3F/3050/3F_3050_to3141_foyer_01.jpg,true
64,3F_3050_to3141_foyer_02,3050,to3141_foyer,foyer,3141.0,view/3F/3050/3F_3050_to3141_foyer_02.jpg,true
65,3F_3070_301A_ENT_01,3070,301A_ENT,door,,view/3F/3070/3F_3070_301A_ENT_01.jpg,false
66,3F_3070_301A_ENT_02,3070,301A_ENT,door,,view/3F/3070/3F_3070_301A_ENT_02.jpg,false
67,3F_3071_301B_ENT_01,3071,301B_ENT,door,,view/3F/3071/3F_3071_301B_ENT_01.jpg,false
68,3F_3071_301B_ENT_02,3071,301B_ENT,door,,view/3F/3071/3F_3071_301B_ENT_02.jpg,false
69,3F_3072_302_ENT_01,3072,302_ENT,door,,view/3F/3072/3F_3072_302_ENT_01.jpg,false
70,3F_3073_303_ENT_01,3073,303_ENT,door,,view/3F/3073/3F_3073_303_ENT_01.jpg,false
71,3F_3074_304A_ENT_01,3074,304A_ENT,door,,view/3F/3074/3F_3074_304A_ENT_01.jpg,false
72,3F_3075_304B_ENT_01,3075,304B_ENT,door,,view/3F/3075/3F_3075_304B_ENT_01.jpg,false
73,3F_3076_305A_ENT_01,3076,305A_ENT,door,,view/3F/3076/3F_3076_305A_ENT_01.jpg,false
74,3F_3077_305B_ENT_01,3077,305B_ENT,door,,view/3F/3077/3F_3077_305B_ENT_01.jpg,false
75,3F_3078_306_ENT_01,3078,306_ENT,door,,view/3F/3078/3F_3078_306_ENT_01.jpg,false
76,3F_3079_DEST_01,3079,DEST,destination,,view/3F/3079/3F_3079_DEST_01.jpg,false
77,3F_3079_from3044_01,3079,from3044,corridor,,view/3F/3079/3F_3079_from3044_01.jpg,true
78,3F_3079_from3046_01,3079,from3046,corridor,,view/3F/3079/3F_3079_from3046_01.jpg,true
79,3F_3080_ENT_01,3080,ENT,door,,view/3F/3080/3F_3080_ENT_01.jpg,false
80,3F_3080_to3014_01,3080,to3014,corridor,3014.0,view/3F/3080/3F_3080_to3014_01.jpg,true
81,3F_3080_to3015_01,3080,to3015,corridor,3015.0,view/3F/3080/3F_3080_to3015_01.jpg,true
82,3F_3122_E7_ent_01,3122,E7_ent,door,,view/3F/3122/3F_3122_E7_ent_01.jpg,false
83,3F_3122_E7_ent_02,3122,E7_ent,door,,view/3F/3122/3F_3122_E7_ent_02.jpg,false
84,3F_3122_E7_ent_03,3122,E7_ent,door,,view/3F/3122/3F_3122_E7_ent_03.jpg,false
85,3F_3123_E8_ent_01,3123,E8_ent,door,,view/3F/3123/3F_3123_E8_ent_01.jpg,false
86,3F_3131_axis_from3132_01,3131,axis_from3132,corridor,,view/3F/3131/3F_3131_axis_from3132_01.jpg,true
87,3F_3131_axis_from3141_01,3131,axis_from3141,corridor,,view/3F/3131/3F_3131_axis_from3141_01.jpg,true
88,3F_3131_axis_to3132_01,3131,axis_to3132,corridor,3132.0,view/3F/3131/3F_3131_axis_to3132_01.jpg,true
89,3F_3131_axis_to3141_01,3131,axis_to3141,corridor,3141.0,view/3F/3131/3F_3131_axis_to3141_01.jpg,true
90,3F_3131_context_01,3131,context,context,,view/3F/3131/3F_3131_context_01.jpg,true
91,3F_3131_context_02,3131,context,context,,view/3F/3131/3F_3131_context_02.jpg,true
92,3F_3131_from3134_01,3131,from3134,corridor,,view/3F/3131/3F_3131_from3134_01.jpg,true
93,3F_3131_from3144_01,3131,from3144,corridor,,view/3F/3131/3F_3131_from3144_01.jpg,true
94,3F_3131_fromC_01,3131,fromC,corridor,,view/3F/3131/3F_3131_fromC_01.jpg,true
95,3F_3131_to3134_01,3131,to3134,corridor,3134.0,view/3F/3131/3F_3131_to3134_01.jpg,true
96,3F_3131_to3144_01,3131,to3144,corridor,3144.0,view/3F/3131/3F_3131_to3144_01.jpg,true
97,3F_3131_toC_01,3131,toC,corridor,,view/3F/3131/3F_3131_toC_01.jpg,true
98,3F_3131_toC_02,3131,toC,corridor,,view/3F/3131/3F_3131_toC_02.jpg,true
99,3F_3131_toC_03,3131,toC,corridor,,view/3F/3131/3F_3131_toC_03.jpg,true
100,3F_3132_axis_from3013_01,3132,axis_from3013,corridor,,view/3F/3132/3F_3132_axis_from3013_01.jpg,true
101,3F_3132_axis_from3013_02,3132,axis_from3013,corridor,,view/3F/3132/3F_3132_axis_from3013_02.jpg,true
102,3F_3132_axis_from3131_01,3132,axis_from3131,corridor,,view/3F/3132/3F_3132_axis_from3131_01.jpg,true
103,3F_3132_axis_to3013_01,3132,axis_to3013,corridor,3013.0,view/3F/3132/3F_3132_axis_to3013_01.jpg,true
104,3F_3132_from3014_01,3132,from3014,corridor,,view/3F/3132/3F_3132_from3014_01.jpg,true
105,3F_3132_from3143_01,3132,from3143,corridor,,view/3F/3132/3F_3132_from3143_01.jpg,true
106,3F_3132_to3014_01,3132,to3014,corridor,3014.0,view/3F/3132/3F_3132_to3014_01.jpg,true
107,3F_3132_to3046_01,3132,to3046,corridor,3046.0,view/3F/3132/3F_3132_to3046_01.jpg,true
108,3F_3132_to3046_02,3132,to3046,corridor,3046.0,view/3F/3132/3F_3132_to3046_02.jpg,true
109,3F_3132_to3131_01,3132,to3131,corridor,3131.0,view/3F/3132/3F_3132_to3131_01.jpg,true
110,3F_3132_to3143_01,3132,to3143,corridor,3143.0,view/3F/3132/3F_3132_to3143_01.jpg,true
111,3F_3132_to3143_02,3132,to3143,corridor,3143.0,view/3F/3132/3F_3132_to3143_02.jpg,true
112,3F_3134_CONN_01,3134,CONN,connector,,view/3F/3134/3F_3134_CONN_01.jpg,true
113,3F_3135_to3017_01,3135,to3017,corridor,3017.0,view/3F/3135/3F_3135_to3017_01.jpg,true
114,3F_3135_to3140_01,3135,to3140,corridor,3140.0,view/3F/3135/3F_3135_to3140_01.jpg,true
115,3F_3136_CONN_01,3136,CONN,connector,,view/3F/3136/3F_3136_CONN_01.jpg,true
116,3F_3136_from3140_01,3136,from3140,corridor,,view/3F/3136/3F_3136_from3140_01.jpg,true
117,3F_3136_from3140_02,3136,from3140,corridor,,view/3F/3136/3F_3136_from3140_02.jpg,true
118,3F_3140_from3136_01,3140,from3136,corridor,,view/3F/3140/3F_3140_from3136_01.jpg,true
119,3F_3140_to3016_01,3140,to3016,corridor,3016.0,view/3F/3140/3F_3140_to3016_01.jpg,true
120,3F_3140_to3135_01,3140,to3135,corridor,3135.0,view/3F/3140/3F_3140_to3135_01.jpg,true
121,3F_3141_axis_to3131_01,3141,axis_to3131,corridor,3131.0,view/3F/3141/3F_3141_axis_to3131_01.jpg,true
122,3F_3141_axis_to3142_01,3141,axis_to3142,corridor,3142.0,view/3F/3141/3F_3141_axis_to3142_01.jpg,true
123,3F_3141_context_01,3141,context,context,,view/3F/3141/3F_3141_context_01.jpg,true
124,3F_3141_context_02,3141,context,context,,view/3F/3141/3F_3141_context_02.jpg,true
125,3F_3141_from_axis_01,3141,from_axis,corridor,,view/3F/3141/3F_3141_from_axis_01.jpg,true
126,3F_3141_from_axis_02,3141,from_axis,corridor,,view/3F/3141/3F_3141_from_axis_02.jpg,true
127,3F_3143_CONN_01,3143,CONN,connector,,view/3F/3143/3F_3143_CONN_01.jpg,true
128,3F_3143_back_to3132_01,3143,back_to3132,corridor,3132.0,view/3F/3143/3F_3143_back_to3132_01.jpg,true
129,3F_3144_CONN_01,3144,CONN,connector,,view/3F/3144/3F_3144_CONN_01.jpg,true
130,3F_3147_DEST_01,3147,DEST,destination,,view/3F/3147/3F_3147_DEST_01.jpg,false
131,3F_3147_from3140_01,3147,from3140,corridor,,view/3F/3147/3F_3147_from3140_01.jpg,true
132,3F_3147_from3140_02,3147,from3140,corridor,,view/3F/3147/3F_3147_from3140_02.jpg,true
133,3F_3148_CONN_01,3148,CONN,connector,,view/3F/3148/3F_3148_CONN_01.jpg,true
134,3F_3149_ENT_01,3149,ENT,door,,view/3F/3149/3F_3149_ENT_01.jpg,false
135,3F_3150_DEST_01,3150,DEST,destination,,view/3F/3150/3F_3150_DEST_01.jpg,false
136,3F_3150_from3132_01,3150,from3132,corridor,,view/3F/3150/3F_3150_from3132_01.jpg,true
137,3F_3150_from3132_02,3150,from3132,corridor,,view/3F/3150/3F_3150_from3132_02.jpg,true
138,3F_3153_from3048_01,3153,from3048,corridor,,view/3F/3153/3F_3153_from3048_01.jpg,true
139,3F_3153_from3050_01,3153,from3050,corridor,,view/3F/3153/3F_3153_from3050_01.jpg,true
